Date,Date,Winner/tie,Winner Away,Loser/tie,PtsW,PtsL,Winner Abr,GameID,Loser Abr,SQL
09-10-2020,9/10/2020,Kansas City Chiefs,,Houston Texans,34,20,KAN,1,HOU," ('09-10-2020', N'Kansas City Chiefs', N'', N'Houston Texans',34,20, N'KAN',1, N'HOU'),"
09-13-2020,9/13/2020,Seattle Seahawks,@,Atlanta Falcons,38,25,SEA,2,ATL," ('09-13-2020', N'Seattle Seahawks', N'@', N'Atlanta Falcons',38,25, N'SEA',2, N'ATL'),"
09-13-2020,9/13/2020,Buffalo Bills,,New York Jets,27,17,BUF,3,NYJ," ('09-13-2020', N'Buffalo Bills', N'', N'New York Jets',27,17, N'BUF',3, N'NYJ'),"
09-13-2020,9/13/2020,Washington Football Team,,Philadelphia Eagles,27,17,WAS,4,PHI," ('09-13-2020', N'Washington Football Team', N'', N'Philadelphia Eagles',27,17, N'WAS',4, N'PHI'),"
09-13-2020,9/13/2020,Green Bay Packers,@,Minnesota Vikings,43,34,GNB,5,MIN," ('09-13-2020', N'Green Bay Packers', N'@', N'Minnesota Vikings',43,34, N'GNB',5, N'MIN'),"
09-13-2020,9/13/2020,Baltimore Ravens,,Cleveland Browns,38,6,BAL,6,CLE," ('09-13-2020', N'Baltimore Ravens', N'', N'Cleveland Browns',38,6, N'BAL',6, N'CLE'),"
09-13-2020,9/13/2020,New England Patriots,,Miami Dolphins,21,11,NWE,7,MIA," ('09-13-2020', N'New England Patriots', N'', N'Miami Dolphins',21,11, N'NWE',7, N'MIA'),"
09-13-2020,9/13/2020,Jacksonville Jaguars,,Indianapolis Colts,27,20,JAX,8,IND," ('09-13-2020', N'Jacksonville Jaguars', N'', N'Indianapolis Colts',27,20, N'JAX',8, N'IND'),"
09-13-2020,9/13/2020,Las Vegas Raiders,@,Carolina Panthers,34,30,LVR,9,CAR," ('09-13-2020', N'Las Vegas Raiders', N'@', N'Carolina Panthers',34,30, N'LVR',9, N'CAR'),"
09-13-2020,9/13/2020,Chicago Bears,@,Detroit Lions,27,23,CHI,10,DET," ('09-13-2020', N'Chicago Bears', N'@', N'Detroit Lions',27,23, N'CHI',10, N'DET'),"
09-13-2020,9/13/2020,Los Angeles Chargers,@,Cincinnati Bengals,16,13,LAC,11,CIN," ('09-13-2020', N'Los Angeles Chargers', N'@', N'Cincinnati Bengals',16,13, N'LAC',11, N'CIN'),"
09-13-2020,9/13/2020,New Orleans Saints,,Tampa Bay Buccaneers,34,23,NOR,12,TAM," ('09-13-2020', N'New Orleans Saints', N'', N'Tampa Bay Buccaneers',34,23, N'NOR',12, N'TAM'),"
09-13-2020,9/13/2020,Arizona Cardinals,@,San Francisco 49ers,24,20,ARI,13,SFO," ('09-13-2020', N'Arizona Cardinals', N'@', N'San Francisco 49ers',24,20, N'ARI',13, N'SFO'),"
09-13-2020,9/13/2020,Los Angeles Rams,,Dallas Cowboys,20,17,LAR,14,DAL," ('09-13-2020', N'Los Angeles Rams', N'', N'Dallas Cowboys',20,17, N'LAR',14, N'DAL'),"
09-14-2020,9/14/2020,Pittsburgh Steelers,@,New York Giants,26,16,PIT,15,NYG," ('09-14-2020', N'Pittsburgh Steelers', N'@', N'New York Giants',26,16, N'PIT',15, N'NYG'),"
09-14-2020,9/14/2020,Tennessee Titans,@,Denver Broncos,16,14,TEN,16,DEN," ('09-14-2020', N'Tennessee Titans', N'@', N'Denver Broncos',16,14, N'TEN',16, N'DEN'),"
09-17-2020,9/17/2020,Cleveland Browns,,Cincinnati Bengals,35,30,CLE,17,CIN," ('09-17-2020', N'Cleveland Browns', N'', N'Cincinnati Bengals',35,30, N'CLE',17, N'CIN'),"
09-20-2020,9/20/2020,San Francisco 49ers,@,New York Jets,31,13,SFO,18,NYJ," ('09-20-2020', N'San Francisco 49ers', N'@', N'New York Jets',31,13, N'SFO',18, N'NYJ'),"
09-20-2020,9/20/2020,Pittsburgh Steelers,,Denver Broncos,26,21,PIT,19,DEN," ('09-20-2020', N'Pittsburgh Steelers', N'', N'Denver Broncos',26,21, N'PIT',19, N'DEN'),"
09-20-2020,9/20/2020,Tampa Bay Buccaneers,,Carolina Panthers,31,17,TAM,20,CAR," ('09-20-2020', N'Tampa Bay Buccaneers', N'', N'Carolina Panthers',31,17, N'TAM',20, N'CAR'),"
09-20-2020,9/20/2020,Green Bay Packers,,Detroit Lions,42,21,GNB,21,DET," ('09-20-2020', N'Green Bay Packers', N'', N'Detroit Lions',42,21, N'GNB',21, N'DET'),"
09-20-2020,9/20/2020,Chicago Bears,,New York Giants,17,13,CHI,22,NYG," ('09-20-2020', N'Chicago Bears', N'', N'New York Giants',17,13, N'CHI',22, N'NYG'),"
09-20-2020,9/20/2020,Tennessee Titans,,Jacksonville Jaguars,33,30,TEN,23,JAX," ('09-20-2020', N'Tennessee Titans', N'', N'Jacksonville Jaguars',33,30, N'TEN',23, N'JAX'),"
09-20-2020,9/20/2020,Dallas Cowboys,,Atlanta Falcons,40,39,DAL,24,ATL," ('09-20-2020', N'Dallas Cowboys', N'', N'Atlanta Falcons',40,39, N'DAL',24, N'ATL'),"
09-20-2020,9/20/2020,Buffalo Bills,@,Miami Dolphins,31,28,BUF,25,MIA," ('09-20-2020', N'Buffalo Bills', N'@', N'Miami Dolphins',31,28, N'BUF',25, N'MIA'),"
09-20-2020,9/20/2020,Los Angeles Rams,@,Philadelphia Eagles,37,19,LAR,26,PHI," ('09-20-2020', N'Los Angeles Rams', N'@', N'Philadelphia Eagles',37,19, N'LAR',26, N'PHI'),"
09-20-2020,9/20/2020,Indianapolis Colts,,Minnesota Vikings,28,11,IND,27,MIN," ('09-20-2020', N'Indianapolis Colts', N'', N'Minnesota Vikings',28,11, N'IND',27, N'MIN'),"
09-20-2020,9/20/2020,Arizona Cardinals,,Washington Football Team,30,15,ARI,28,WFT," ('09-20-2020', N'Arizona Cardinals', N'', N'Washington Football Team',30,15, N'ARI',28, N'WFT'),"
09-20-2020,9/20/2020,Baltimore Ravens,@,Houston Texans,33,16,BAL,29,HOU," ('09-20-2020', N'Baltimore Ravens', N'@', N'Houston Texans',33,16, N'BAL',29, N'HOU'),"
09-20-2020,9/20/2020,Kansas City Chiefs,@,Los Angeles Chargers,23,20,KAN,30,LAC," ('09-20-2020', N'Kansas City Chiefs', N'@', N'Los Angeles Chargers',23,20, N'KAN',30, N'LAC'),"
09-20-2020,9/20/2020,Seattle Seahawks,,New England Patriots,35,30,SEA,31,NWE," ('09-20-2020', N'Seattle Seahawks', N'', N'New England Patriots',35,30, N'SEA',31, N'NWE'),"
09-21-2020,9/21/2020,Las Vegas Raiders,,New Orleans Saints,34,24,LVR,32,NOR," ('09-21-2020', N'Las Vegas Raiders', N'', N'New Orleans Saints',34,24, N'LVR',32, N'NOR'),"
09-24-2020,9/24/2020,Miami Dolphins,@,Jacksonville Jaguars,31,13,MIA,33,JAX," ('09-24-2020', N'Miami Dolphins', N'@', N'Jacksonville Jaguars',31,13, N'MIA',33, N'JAX'),"
09-27-2020,9/27/2020,Chicago Bears,@,Atlanta Falcons,30,26,CHI,34,ATL," ('09-27-2020', N'Chicago Bears', N'@', N'Atlanta Falcons',30,26, N'CHI',34, N'ATL'),"
09-27-2020,9/27/2020,Buffalo Bills,,Los Angeles Rams,35,32,BUF,35,LAR," ('09-27-2020', N'Buffalo Bills', N'', N'Los Angeles Rams',35,32, N'BUF',35, N'LAR'),"
09-27-2020,9/27/2020,Philadelphia Eagles,,Cincinnati Bengals,23,23,PHI,36,CIN," ('09-27-2020', N'Philadelphia Eagles', N'', N'Cincinnati Bengals',23,23, N'PHI',36, N'CIN'),"
09-27-2020,9/27/2020,Tennessee Titans,@,Minnesota Vikings,31,30,TEN,37,MIN," ('09-27-2020', N'Tennessee Titans', N'@', N'Minnesota Vikings',31,30, N'TEN',37, N'MIN'),"
09-27-2020,9/27/2020,New England Patriots,,Las Vegas Raiders,36,20,NWE,38,LVR," ('09-27-2020', N'New England Patriots', N'', N'Las Vegas Raiders',36,20, N'NWE',38, N'LVR'),"
09-27-2020,9/27/2020,San Francisco 49ers,@,New York Giants,36,9,SFO,39,NYG," ('09-27-2020', N'San Francisco 49ers', N'@', N'New York Giants',36,9, N'SFO',39, N'NYG'),"
09-27-2020,9/27/2020,Pittsburgh Steelers,,Houston Texans,28,21,PIT,40,HOU," ('09-27-2020', N'Pittsburgh Steelers', N'', N'Houston Texans',28,21, N'PIT',40, N'HOU'),"
09-27-2020,9/27/2020,Cleveland Browns,,Washington Football Team,34,20,CLE,41,WFT," ('09-27-2020', N'Cleveland Browns', N'', N'Washington Football Team',34,20, N'CLE',41, N'WFT'),"
09-27-2020,9/27/2020,Indianapolis Colts,,New York Jets,36,7,IND,42,NYJ," ('09-27-2020', N'Indianapolis Colts', N'', N'New York Jets',36,7, N'IND',42, N'NYJ'),"
09-27-2020,9/27/2020,Carolina Panthers,@,Los Angeles Chargers,21,16,CAR,43,LAC," ('09-27-2020', N'Carolina Panthers', N'@', N'Los Angeles Chargers',21,16, N'CAR',43, N'LAC'),"
09-27-2020,9/27/2020,Seattle Seahawks,,Dallas Cowboys,38,31,SEA,44,DAL," ('09-27-2020', N'Seattle Seahawks', N'', N'Dallas Cowboys',38,31, N'SEA',44, N'DAL'),"
09-27-2020,9/27/2020,Detroit Lions,@,Arizona Cardinals,26,23,DET,45,ARI," ('09-27-2020', N'Detroit Lions', N'@', N'Arizona Cardinals',26,23, N'DET',45, N'ARI'),"
09-27-2020,9/27/2020,Tampa Bay Buccaneers,@,Denver Broncos,28,10,TAM,46,DEN," ('09-27-2020', N'Tampa Bay Buccaneers', N'@', N'Denver Broncos',28,10, N'TAM',46, N'DEN'),"
09-27-2020,9/27/2020,Green Bay Packers,@,New Orleans Saints,37,30,GNB,47,NOR," ('09-27-2020', N'Green Bay Packers', N'@', N'New Orleans Saints',37,30, N'GNB',47, N'NOR'),"
09-28-2020,9/28/2020,Kansas City Chiefs,@,Baltimore Ravens,34,20,KAN,48,BAL," ('09-28-2020', N'Kansas City Chiefs', N'@', N'Baltimore Ravens',34,20, N'KAN',48, N'BAL'),"
10-01-2020,10/1/2020,Denver Broncos,@,New York Jets,37,28,DEN,49,NYJ," ('10-01-2020', N'Denver Broncos', N'@', N'New York Jets',37,28, N'DEN',49, N'NYJ'),"
10-04-2020,10/4/2020,Carolina Panthers,,Arizona Cardinals,31,21,CAR,50,ARI," ('10-04-2020', N'Carolina Panthers', N'', N'Arizona Cardinals',31,21, N'CAR',50, N'ARI'),"
10-04-2020,10/4/2020,Baltimore Ravens,@,Washington Football Team,31,17,BAL,51,WFT," ('10-04-2020', N'Baltimore Ravens', N'@', N'Washington Football Team',31,17, N'BAL',51, N'WFT'),"
10-04-2020,10/4/2020,Minnesota Vikings,@,Houston Texans,31,23,MIN,52,HOU," ('10-04-2020', N'Minnesota Vikings', N'@', N'Houston Texans',31,23, N'MIN',52, N'HOU'),"
10-04-2020,10/4/2020,Cleveland Browns,@,Dallas Cowboys,49,38,CLE,53,DAL," ('10-04-2020', N'Cleveland Browns', N'@', N'Dallas Cowboys',49,38, N'CLE',53, N'DAL'),"
10-04-2020,10/4/2020,New Orleans Saints,@,Detroit Lions,35,29,NOR,54,DET," ('10-04-2020', N'New Orleans Saints', N'@', N'Detroit Lions',35,29, N'NOR',54, N'DET'),"
10-04-2020,10/4/2020,Indianapolis Colts,@,Chicago Bears,19,11,IND,55,CHI," ('10-04-2020', N'Indianapolis Colts', N'@', N'Chicago Bears',19,11, N'IND',55, N'CHI'),"
10-04-2020,10/4/2020,Tampa Bay Buccaneers,,Los Angeles Chargers,38,31,TAM,56,LAC," ('10-04-2020', N'Tampa Bay Buccaneers', N'', N'Los Angeles Chargers',38,31, N'TAM',56, N'LAC'),"
10-04-2020,10/4/2020,Cincinnati Bengals,,Jacksonville Jaguars,33,25,CIN,57,JAX," ('10-04-2020', N'Cincinnati Bengals', N'', N'Jacksonville Jaguars',33,25, N'CIN',57, N'JAX'),"
10-04-2020,10/4/2020,Seattle Seahawks,@,Miami Dolphins,31,23,SEA,58,MIA," ('10-04-2020', N'Seattle Seahawks', N'@', N'Miami Dolphins',31,23, N'SEA',58, N'MIA'),"
10-04-2020,10/4/2020,Los Angeles Rams,,New York Giants,17,9,LAR,59,NYG," ('10-04-2020', N'Los Angeles Rams', N'', N'New York Giants',17,9, N'LAR',59, N'NYG'),"
10-04-2020,10/4/2020,Buffalo Bills,@,Las Vegas Raiders,30,23,BUF,60,LVR," ('10-04-2020', N'Buffalo Bills', N'@', N'Las Vegas Raiders',30,23, N'BUF',60, N'LVR'),"
10-04-2020,10/4/2020,Philadelphia Eagles,@,San Francisco 49ers,25,20,PHI,61,SFO," ('10-04-2020', N'Philadelphia Eagles', N'@', N'San Francisco 49ers',25,20, N'PHI',61, N'SFO'),"
10-05-2020,10/5/2020,Kansas City Chiefs,,New England Patriots,26,10,KAN,62,NWE," ('10-05-2020', N'Kansas City Chiefs', N'', N'New England Patriots',26,10, N'KAN',62, N'NWE'),"
10-05-2020,10/5/2020,Green Bay Packers,,Atlanta Falcons,30,16,GNB,63,ATL," ('10-05-2020', N'Green Bay Packers', N'', N'Atlanta Falcons',30,16, N'GNB',63, N'ATL'),"
10-08-2020,10/8/2020,Chicago Bears,,Tampa Bay Buccaneers,20,19,CHI,64,TAM," ('10-08-2020', N'Chicago Bears', N'', N'Tampa Bay Buccaneers',20,19, N'CHI',64, N'TAM'),"
10-11-2020,10/11/2020,Carolina Panthers,@,Atlanta Falcons,23,16,CAR,65,ATL," ('10-11-2020', N'Carolina Panthers', N'@', N'Atlanta Falcons',23,16, N'CAR',65, N'ATL'),"
10-11-2020,10/11/2020,Arizona Cardinals,@,New York Jets,30,10,ARI,66,NYJ," ('10-11-2020', N'Arizona Cardinals', N'@', N'New York Jets',30,10, N'ARI',66, N'NYJ'),"
10-11-2020,10/11/2020,Baltimore Ravens,,Cincinnati Bengals,27,3,BAL,67,CIN," ('10-11-2020', N'Baltimore Ravens', N'', N'Cincinnati Bengals',27,3, N'BAL',67, N'CIN'),"
10-11-2020,10/11/2020,Las Vegas Raiders,@,Kansas City Chiefs,40,32,LVR,68,KAN," ('10-11-2020', N'Las Vegas Raiders', N'@', N'Kansas City Chiefs',40,32, N'LVR',68, N'KAN'),"
10-11-2020,10/11/2020,Pittsburgh Steelers,,Philadelphia Eagles,38,29,PIT,69,PHI," ('10-11-2020', N'Pittsburgh Steelers', N'', N'Philadelphia Eagles',38,29, N'PIT',69, N'PHI'),"
10-11-2020,10/11/2020,Los Angeles Rams,@,Washington Football Team,30,10,LAR,70,WFT," ('10-11-2020', N'Los Angeles Rams', N'@', N'Washington Football Team',30,10, N'LAR',70, N'WFT'),"
10-11-2020,10/11/2020,Houston Texans,,Jacksonville Jaguars,30,14,HOU,71,JAX," ('10-11-2020', N'Houston Texans', N'', N'Jacksonville Jaguars',30,14, N'HOU',71, N'JAX'),"
10-11-2020,10/11/2020,Miami Dolphins,@,San Francisco 49ers,43,17,MIA,72,SFO," ('10-11-2020', N'Miami Dolphins', N'@', N'San Francisco 49ers',43,17, N'MIA',72, N'SFO'),"
10-11-2020,10/11/2020,Dallas Cowboys,,New York Giants,37,34,DAL,73,NYG," ('10-11-2020', N'Dallas Cowboys', N'', N'New York Giants',37,34, N'DAL',73, N'NYG'),"
10-11-2020,10/11/2020,Cleveland Browns,,Indianapolis Colts,32,23,CLE,74,IND," ('10-11-2020', N'Cleveland Browns', N'', N'Indianapolis Colts',32,23, N'CLE',74, N'IND'),"
10-11-2020,10/11/2020,Seattle Seahawks,,Minnesota Vikings,27,26,SEA,75,MIN," ('10-11-2020', N'Seattle Seahawks', N'', N'Minnesota Vikings',27,26, N'SEA',75, N'MIN'),"
10-12-2020,10/12/2020,New Orleans Saints,,Los Angeles Chargers,30,27,NOR,76,LAC," ('10-12-2020', N'New Orleans Saints', N'', N'Los Angeles Chargers',30,27, N'NOR',76, N'LAC'),"
10-13-2020,10/13/2020,Tennessee Titans,,Buffalo Bills,42,16,TEN,77,BUF," ('10-13-2020', N'Tennessee Titans', N'', N'Buffalo Bills',42,16, N'TEN',77, N'BUF'),"
10-18-2020,10/18/2020,Detroit Lions,@,Jacksonville Jaguars,34,16,DET,78,JAX," ('10-18-2020', N'Detroit Lions', N'@', N'Jacksonville Jaguars',34,16, N'DET',78, N'JAX'),"
10-18-2020,10/18/2020,Denver Broncos,@,New England Patriots,18,12,DEN,79,NWE," ('10-18-2020', N'Denver Broncos', N'@', N'New England Patriots',18,12, N'DEN',79, N'NWE'),"
10-18-2020,10/18/2020,Baltimore Ravens,@,Philadelphia Eagles,30,28,BAL,80,PHI," ('10-18-2020', N'Baltimore Ravens', N'@', N'Philadelphia Eagles',30,28, N'BAL',80, N'PHI'),"
10-18-2020,10/18/2020,Tennessee Titans,,Houston Texans,42,36,TEN,81,HOU," ('10-18-2020', N'Tennessee Titans', N'', N'Houston Texans',42,36, N'TEN',81, N'HOU'),"
10-18-2020,10/18/2020,Pittsburgh Steelers,,Cleveland Browns,38,7,PIT,82,CLE," ('10-18-2020', N'Pittsburgh Steelers', N'', N'Cleveland Browns',38,7, N'PIT',82, N'CLE'),"
10-18-2020,10/18/2020,Atlanta Falcons,@,Minnesota Vikings,40,23,ATL,83,MIN," ('10-18-2020', N'Atlanta Falcons', N'@', N'Minnesota Vikings',40,23, N'ATL',83, N'MIN'),"
10-18-2020,10/18/2020,New York Giants,,Washington Football Team,20,19,NYG,84,WFT," ('10-18-2020', N'New York Giants', N'', N'Washington Football Team',20,19, N'NYG',84, N'WFT'),"
10-18-2020,10/18/2020,Chicago Bears,@,Carolina Panthers,23,16,CHI,85,CAR," ('10-18-2020', N'Chicago Bears', N'@', N'Carolina Panthers',23,16, N'CHI',85, N'CAR'),"
10-18-2020,10/18/2020,Indianapolis Colts,,Cincinnati Bengals,31,27,IND,86,CIN," ('10-18-2020', N'Indianapolis Colts', N'', N'Cincinnati Bengals',31,27, N'IND',86, N'CIN'),"
10-18-2020,10/18/2020,Miami Dolphins,,New York Jets,24,0,MIA,87,NYJ," ('10-18-2020', N'Miami Dolphins', N'', N'New York Jets',24,0, N'MIA',87, N'NYJ'),"
10-18-2020,10/18/2020,Tampa Bay Buccaneers,,Green Bay Packers,38,10,TAM,88,GNB," ('10-18-2020', N'Tampa Bay Buccaneers', N'', N'Green Bay Packers',38,10, N'TAM',88, N'GNB'),"
10-18-2020,10/18/2020,San Francisco 49ers,,Los Angeles Rams,24,16,SFO,89,LAR," ('10-18-2020', N'San Francisco 49ers', N'', N'Los Angeles Rams',24,16, N'SFO',89, N'LAR'),"
10-19-2020,10/19/2020,Kansas City Chiefs,@,Buffalo Bills,26,17,KAN,90,BUF," ('10-19-2020', N'Kansas City Chiefs', N'@', N'Buffalo Bills',26,17, N'KAN',90, N'BUF'),"
10-19-2020,10/19/2020,Arizona Cardinals,@,Dallas Cowboys,38,10,ARI,91,DAL," ('10-19-2020', N'Arizona Cardinals', N'@', N'Dallas Cowboys',38,10, N'ARI',91, N'DAL'),"
10-22-2020,10/22/2020,Philadelphia Eagles,,New York Giants,22,21,PHI,92,NYG," ('10-22-2020', N'Philadelphia Eagles', N'', N'New York Giants',22,21, N'PHI',92, N'NYG'),"
10-25-2020,10/25/2020,Pittsburgh Steelers,@,Tennessee Titans,27,24,PIT,93,TEN," ('10-25-2020', N'Pittsburgh Steelers', N'@', N'Tennessee Titans',27,24, N'PIT',93, N'TEN'),"
10-25-2020,10/25/2020,Green Bay Packers,@,Houston Texans,35,20,GNB,94,HOU," ('10-25-2020', N'Green Bay Packers', N'@', N'Houston Texans',35,20, N'GNB',94, N'HOU'),"
10-25-2020,10/25/2020,Detroit Lions,@,Atlanta Falcons,23,22,DET,95,ATL," ('10-25-2020', N'Detroit Lions', N'@', N'Atlanta Falcons',23,22, N'DET',95, N'ATL'),"
10-25-2020,10/25/2020,Buffalo Bills,@,New York Jets,18,10,BUF,96,NYJ," ('10-25-2020', N'Buffalo Bills', N'@', N'New York Jets',18,10, N'BUF',96, N'NYJ'),"
10-25-2020,10/25/2020,Washington Football Team,,Dallas Cowboys,25,3,WAS,97,DAL," ('10-25-2020', N'Washington Football Team', N'', N'Dallas Cowboys',25,3, N'WAS',97, N'DAL'),"
10-25-2020,10/25/2020,New Orleans Saints,,Carolina Panthers,27,24,NOR,98,CAR," ('10-25-2020', N'New Orleans Saints', N'', N'Carolina Panthers',27,24, N'NOR',98, N'CAR'),"
10-25-2020,10/25/2020,Cleveland Browns,@,Cincinnati Bengals,37,34,CLE,99,CIN," ('10-25-2020', N'Cleveland Browns', N'@', N'Cincinnati Bengals',37,34, N'CLE',99, N'CIN'),"
10-25-2020,10/25/2020,Tampa Bay Buccaneers,@,Las Vegas Raiders,45,20,TAM,100,LAS," ('10-25-2020', N'Tampa Bay Buccaneers', N'@', N'Las Vegas Raiders',45,20, N'TAM',100, N'LAS'),"
10-25-2020,10/25/2020,San Francisco 49ers,@,New England Patriots,33,6,SFO,101,NWE," ('10-25-2020', N'San Francisco 49ers', N'@', N'New England Patriots',33,6, N'SFO',101, N'NWE'),"
10-25-2020,10/25/2020,Kansas City Chiefs,@,Denver Broncos,43,16,KAN,102,DEN," ('10-25-2020', N'Kansas City Chiefs', N'@', N'Denver Broncos',43,16, N'KAN',102, N'DEN'),"
10-25-2020,10/25/2020,Los Angeles Chargers,,Jacksonville Jaguars,39,29,LAC,103,JAX," ('10-25-2020', N'Los Angeles Chargers', N'', N'Jacksonville Jaguars',39,29, N'LAC',103, N'JAX'),"
10-25-2020,10/25/2020,Arizona Cardinals,,Seattle Seahawks,37,34,ARI,104,SEA," ('10-25-2020', N'Arizona Cardinals', N'', N'Seattle Seahawks',37,34, N'ARI',104, N'SEA'),"
10-26-2020,10/26/2020,Los Angeles Rams,,Chicago Bears,24,10,LAR,105,CHI," ('10-26-2020', N'Los Angeles Rams', N'', N'Chicago Bears',24,10, N'LAR',105, N'CHI'),"
10-29-2020,10/29/2020,Atlanta Falcons,@,Carolina Panthers,25,17,ATL,106,CAR," ('10-29-2020', N'Atlanta Falcons', N'@', N'Carolina Panthers',25,17, N'ATL',106, N'CAR'),"
11-01-2020,11/1/2020,Minnesota Vikings,@,Green Bay Packers,28,22,MIN,107,GNB," ('11-01-2020', N'Minnesota Vikings', N'@', N'Green Bay Packers',28,22, N'MIN',107, N'GNB'),"
11-01-2020,11/1/2020,Miami Dolphins,,Los Angeles Rams,28,17,MIA,108,LAR," ('11-01-2020', N'Miami Dolphins', N'', N'Los Angeles Rams',28,17, N'MIA',108, N'LAR'),"
11-01-2020,11/1/2020,Pittsburgh Steelers,@,Baltimore Ravens,28,24,PIT,109,BAL," ('11-01-2020', N'Pittsburgh Steelers', N'@', N'Baltimore Ravens',28,24, N'PIT',109, N'BAL'),"
11-01-2020,11/1/2020,Indianapolis Colts,@,Detroit Lions,41,21,IND,110,DET," ('11-01-2020', N'Indianapolis Colts', N'@', N'Detroit Lions',41,21, N'IND',110, N'DET'),"
11-01-2020,11/1/2020,Buffalo Bills,,New England Patriots,24,21,BUF,111,NWE," ('11-01-2020', N'Buffalo Bills', N'', N'New England Patriots',24,21, N'BUF',111, N'NWE'),"
11-01-2020,11/1/2020,Cincinnati Bengals,,Tennessee Titans,31,20,CIN,112,TEN," ('11-01-2020', N'Cincinnati Bengals', N'', N'Tennessee Titans',31,20, N'CIN',112, N'TEN'),"
11-01-2020,11/1/2020,Las Vegas Raiders,@,Cleveland Browns,16,6,LVR,113,CLE," ('11-01-2020', N'Las Vegas Raiders', N'@', N'Cleveland Browns',16,6, N'LVR',113, N'CLE'),"
11-01-2020,11/1/2020,Kansas City Chiefs,,New York Jets,35,9,KAN,114,NYJ," ('11-01-2020', N'Kansas City Chiefs', N'', N'New York Jets',35,9, N'KAN',114, N'NYJ'),"
11-01-2020,11/1/2020,Denver Broncos,,Los Angeles Chargers,31,30,DEN,115,LAC," ('11-01-2020', N'Denver Broncos', N'', N'Los Angeles Chargers',31,30, N'DEN',115, N'LAC'),"
11-01-2020,11/1/2020,Seattle Seahawks,,San Francisco 49ers,37,27,SEA,116,SFO," ('11-01-2020', N'Seattle Seahawks', N'', N'San Francisco 49ers',37,27, N'SEA',116, N'SFO'),"
11-01-2020,11/1/2020,New Orleans Saints,@,Chicago Bears,26,23,NOR,117,CHI," ('11-01-2020', N'New Orleans Saints', N'@', N'Chicago Bears',26,23, N'NOR',117, N'CHI'),"
11-01-2020,11/1/2020,Philadelphia Eagles,,Dallas Cowboys,23,9,PHI,118,DAL," ('11-01-2020', N'Philadelphia Eagles', N'', N'Dallas Cowboys',23,9, N'PHI',118, N'DAL'),"
11-02-2020,11/2/2020,Tampa Bay Buccaneers,@,New York Giants,25,23,TAM,119,NYG," ('11-02-2020', N'Tampa Bay Buccaneers', N'@', N'New York Giants',25,23, N'TAM',119, N'NYG'),"
11-05-2020,11/5/2020,Green Bay Packers,@,San Francisco 49ers,34,17,GNB,120,SFO," ('11-05-2020', N'Green Bay Packers', N'@', N'San Francisco 49ers',34,17, N'GNB',120, N'SFO'),"
11-08-2020,11/8/2020,Baltimore Ravens,@,Indianapolis Colts,24,10,BAL,121,IND," ('11-08-2020', N'Baltimore Ravens', N'@', N'Indianapolis Colts',24,10, N'BAL',121, N'IND'),"
11-08-2020,11/8/2020,Minnesota Vikings,,Detroit Lions,34,20,MIN,122,DET," ('11-08-2020', N'Minnesota Vikings', N'', N'Detroit Lions',34,20, N'MIN',122, N'DET'),"
11-08-2020,11/8/2020,Houston Texans,@,Jacksonville Jaguars,27,25,HOU,123,JAX," ('11-08-2020', N'Houston Texans', N'@', N'Jacksonville Jaguars',27,25, N'HOU',123, N'JAX'),"
11-08-2020,11/8/2020,Atlanta Falcons,,Denver Broncos,34,27,ATL,124,DEN," ('11-08-2020', N'Atlanta Falcons', N'', N'Denver Broncos',34,27, N'ATL',124, N'DEN'),"
11-08-2020,11/8/2020,Buffalo Bills,,Seattle Seahawks,44,34,BUF,125,SEA," ('11-08-2020', N'Buffalo Bills', N'', N'Seattle Seahawks',44,34, N'BUF',125, N'SEA'),"
11-08-2020,11/8/2020,New York Giants,@,Washington Football Team,23,20,NYG,126,WFT," ('11-08-2020', N'New York Giants', N'@', N'Washington Football Team',23,20, N'NYG',126, N'WFT'),"
11-08-2020,11/8/2020,Kansas City Chiefs,,Carolina Panthers,33,31,KAN,127,CAR," ('11-08-2020', N'Kansas City Chiefs', N'', N'Carolina Panthers',33,31, N'KAN',127, N'CAR'),"
11-08-2020,11/8/2020,Tennessee Titans,,Chicago Bears,24,17,TEN,128,CHI," ('11-08-2020', N'Tennessee Titans', N'', N'Chicago Bears',24,17, N'TEN',128, N'CHI'),"
11-08-2020,11/8/2020,Las Vegas Raiders,@,Los Angeles Chargers,31,26,LVR,129,LAC," ('11-08-2020', N'Las Vegas Raiders', N'@', N'Los Angeles Chargers',31,26, N'LVR',129, N'LAC'),"
11-08-2020,11/8/2020,Miami Dolphins,@,Arizona Cardinals,34,31,MIA,130,ARI," ('11-08-2020', N'Miami Dolphins', N'@', N'Arizona Cardinals',34,31, N'MIA',130, N'ARI'),"
11-08-2020,11/8/2020,Pittsburgh Steelers,@,Dallas Cowboys,24,19,PIT,131,DAL," ('11-08-2020', N'Pittsburgh Steelers', N'@', N'Dallas Cowboys',24,19, N'PIT',131, N'DAL'),"
11-08-2020,11/8/2020,New Orleans Saints,@,Tampa Bay Buccaneers,38,3,NOR,132,TAM," ('11-08-2020', N'New Orleans Saints', N'@', N'Tampa Bay Buccaneers',38,3, N'NOR',132, N'TAM'),"
11-09-2020,11/9/2020,New England Patriots,@,New York Jets,30,27,NWE,133,NYJ," ('11-09-2020', N'New England Patriots', N'@', N'New York Jets',30,27, N'NWE',133, N'NYJ'),"
11-12-2020,11/12/2020,Indianapolis Colts,@,Tennessee Titans,34,17,IND,134,TEN," ('11-12-2020', N'Indianapolis Colts', N'@', N'Tennessee Titans',34,17, N'IND',134, N'TEN'),"
11-15-2020,11/15/2020,Detroit Lions,,Washington Football Team,30,27,DET,135,WFT," ('11-15-2020', N'Detroit Lions', N'', N'Washington Football Team',30,27, N'DET',135, N'WFT'),"
11-15-2020,11/15/2020,Green Bay Packers,,Jacksonville Jaguars,24,20,GNB,136,JAX," ('11-15-2020', N'Green Bay Packers', N'', N'Jacksonville Jaguars',24,20, N'GNB',136, N'JAX'),"
11-15-2020,11/15/2020,Cleveland Browns,,Houston Texans,10,7,CLE,137,HOU," ('11-15-2020', N'Cleveland Browns', N'', N'Houston Texans',10,7, N'CLE',137, N'HOU'),"
11-15-2020,11/15/2020,Tampa Bay Buccaneers,@,Carolina Panthers,46,23,TAM,138,CAR," ('11-15-2020', N'Tampa Bay Buccaneers', N'@', N'Carolina Panthers',46,23, N'TAM',138, N'CAR'),"
11-15-2020,11/15/2020,New York Giants,,Philadelphia Eagles,27,17,NYG,139,PHI," ('11-15-2020', N'New York Giants', N'', N'Philadelphia Eagles',27,17, N'NYG',139, N'PHI'),"
11-15-2020,11/15/2020,Las Vegas Raiders,,Denver Broncos,37,12,LVR,140,DEN," ('11-15-2020', N'Las Vegas Raiders', N'', N'Denver Broncos',37,12, N'LVR',140, N'DEN'),"
11-15-2020,11/15/2020,Miami Dolphins,,Los Angeles Chargers,29,21,MIA,141,LAC," ('11-15-2020', N'Miami Dolphins', N'', N'Los Angeles Chargers',29,21, N'MIA',141, N'LAC'),"
11-15-2020,11/15/2020,Arizona Cardinals,,Buffalo Bills,32,30,ARI,142,BUF," ('11-15-2020', N'Arizona Cardinals', N'', N'Buffalo Bills',32,30, N'ARI',142, N'BUF'),"
11-15-2020,11/15/2020,Pittsburgh Steelers,,Cincinnati Bengals,36,10,PIT,143,CIN," ('11-15-2020', N'Pittsburgh Steelers', N'', N'Cincinnati Bengals',36,10, N'PIT',143, N'CIN'),"
11-15-2020,11/15/2020,New Orleans Saints,,San Francisco 49ers,27,13,NOR,144,SFO," ('11-15-2020', N'New Orleans Saints', N'', N'San Francisco 49ers',27,13, N'NOR',144, N'SFO'),"
11-15-2020,11/15/2020,Los Angeles Rams,,Seattle Seahawks,23,16,LAR,145,SEA," ('11-15-2020', N'Los Angeles Rams', N'', N'Seattle Seahawks',23,16, N'LAR',145, N'SEA'),"
11-15-2020,11/15/2020,New England Patriots,,Baltimore Ravens,23,17,NWE,146,BAL," ('11-15-2020', N'New England Patriots', N'', N'Baltimore Ravens',23,17, N'NWE',146, N'BAL'),"
11-16-2020,11/16/2020,Minnesota Vikings,@,Chicago Bears,19,13,MIN,147,CHI," ('11-16-2020', N'Minnesota Vikings', N'@', N'Chicago Bears',19,13, N'MIN',147, N'CHI'),"
11-19-2020,11/19/2020,Seattle Seahawks,,Arizona Cardinals,28,21,SEA,148,ARI," ('11-19-2020', N'Seattle Seahawks', N'', N'Arizona Cardinals',28,21, N'SEA',148, N'ARI'),"
11-22-2020,11/22/2020,Tennessee Titans,@,Baltimore Ravens,30,24,TEN,149,BAL," ('11-22-2020', N'Tennessee Titans', N'@', N'Baltimore Ravens',30,24, N'TEN',149, N'BAL'),"
11-22-2020,11/22/2020,Houston Texans,,New England Patriots,27,20,HOU,150,NWE," ('11-22-2020', N'Houston Texans', N'', N'New England Patriots',27,20, N'HOU',150, N'NWE'),"
11-22-2020,11/22/2020,New Orleans Saints,,Atlanta Falcons,24,9,NOR,151,ATL," ('11-22-2020', N'New Orleans Saints', N'', N'Atlanta Falcons',24,9, N'NOR',151, N'ATL'),"
11-22-2020,11/22/2020,Washington Football Team,,Cincinnati Bengals,20,9,WAS,152,CIN," ('11-22-2020', N'Washington Football Team', N'', N'Cincinnati Bengals',20,9, N'WAS',152, N'CIN'),"
11-22-2020,11/22/2020,Pittsburgh Steelers,@,Jacksonville Jaguars,27,3,PIT,153,JAX," ('11-22-2020', N'Pittsburgh Steelers', N'@', N'Jacksonville Jaguars',27,3, N'PIT',153, N'JAX'),"
11-22-2020,11/22/2020,Cleveland Browns,,Philadelphia Eagles,22,17,CLE,154,PHI," ('11-22-2020', N'Cleveland Browns', N'', N'Philadelphia Eagles',22,17, N'CLE',154, N'PHI'),"
11-22-2020,11/22/2020,Carolina Panthers,,Detroit Lions,20,0,CAR,155,DET," ('11-22-2020', N'Carolina Panthers', N'', N'Detroit Lions',20,0, N'CAR',155, N'DET'),"
11-22-2020,11/22/2020,Los Angeles Chargers,,New York Jets,34,28,LAC,156,NYJ," ('11-22-2020', N'Los Angeles Chargers', N'', N'New York Jets',34,28, N'LAC',156, N'NYJ'),"
11-22-2020,11/22/2020,Denver Broncos,,Miami Dolphins,20,13,DEN,157,MIA," ('11-22-2020', N'Denver Broncos', N'', N'Miami Dolphins',20,13, N'DEN',157, N'MIA'),"
11-22-2020,11/22/2020,Indianapolis Colts,,Green Bay Packers,34,31,IND,158,GNB," ('11-22-2020', N'Indianapolis Colts', N'', N'Green Bay Packers',34,31, N'IND',158, N'GNB'),"
11-22-2020,11/22/2020,Dallas Cowboys,@,Minnesota Vikings,31,28,DAL,159,MIN," ('11-22-2020', N'Dallas Cowboys', N'@', N'Minnesota Vikings',31,28, N'DAL',159, N'MIN'),"
11-22-2020,11/22/2020,Kansas City Chiefs,@,Las Vegas Raiders,35,31,KAN,160,LVR," ('11-22-2020', N'Kansas City Chiefs', N'@', N'Las Vegas Raiders',35,31, N'KAN',160, N'LVR'),"
11-23-2020,11/23/2020,Los Angeles Rams,@,Tampa Bay Buccaneers,27,24,LAR,161,TAM," ('11-23-2020', N'Los Angeles Rams', N'@', N'Tampa Bay Buccaneers',27,24, N'LAR',161, N'TAM'),"
11-26-2020,11/26/2020,Houston Texans,@,Detroit Lions,41,25,HOU,162,DET," ('11-26-2020', N'Houston Texans', N'@', N'Detroit Lions',41,25, N'HOU',162, N'DET'),"
11-26-2020,11/26/2020,Washington Football Team,@,Dallas Cowboys,41,16,WAS,163,DAL," ('11-26-2020', N'Washington Football Team', N'@', N'Dallas Cowboys',41,16, N'WAS',163, N'DAL'),"
11-29-2020,11/29/2020,Atlanta Falcons,,Las Vegas Raiders,43,6,ATL,164,LVR," ('11-29-2020', N'Atlanta Falcons', N'', N'Las Vegas Raiders',43,6, N'ATL',164, N'LVR'),"
11-29-2020,11/29/2020,Buffalo Bills,,Los Angeles Chargers,27,17,BUF,165,LAC," ('11-29-2020', N'Buffalo Bills', N'', N'Los Angeles Chargers',27,17, N'BUF',165, N'LAC'),"
11-29-2020,11/29/2020,New York Giants,@,Cincinnati Bengals,19,17,NYG,166,CIN," ('11-29-2020', N'New York Giants', N'@', N'Cincinnati Bengals',19,17, N'NYG',166, N'CIN'),"
11-29-2020,11/29/2020,Cleveland Browns,@,Jacksonville Jaguars,27,25,CLE,167,JAX," ('11-29-2020', N'Cleveland Browns', N'@', N'Jacksonville Jaguars',27,25, N'CLE',167, N'JAX'),"
11-29-2020,11/29/2020,Miami Dolphins,@,New York Jets,20,3,MIA,168,NYJ," ('11-29-2020', N'Miami Dolphins', N'@', N'New York Jets',20,3, N'MIA',168, N'NYJ'),"
11-29-2020,11/29/2020,Tennessee Titans,@,Indianapolis Colts,45,26,TEN,169,IND," ('11-29-2020', N'Tennessee Titans', N'@', N'Indianapolis Colts',45,26, N'TEN',169, N'IND'),"
11-29-2020,11/29/2020,New England Patriots,,Arizona Cardinals,20,17,NWE,170,ARI," ('11-29-2020', N'New England Patriots', N'', N'Arizona Cardinals',20,17, N'NWE',170, N'ARI'),"
11-29-2020,11/29/2020,Minnesota Vikings,,Carolina Panthers,28,27,MIN,171,CAR," ('11-29-2020', N'Minnesota Vikings', N'', N'Carolina Panthers',28,27, N'MIN',171, N'CAR'),"
11-29-2020,11/29/2020,New Orleans Saints,@,Denver Broncos,31,3,NOR,172,DEN," ('11-29-2020', N'New Orleans Saints', N'@', N'Denver Broncos',31,3, N'NOR',172, N'DEN'),"
11-29-2020,11/29/2020,San Francisco 49ers,@,Los Angeles Rams,23,20,SFO,173,LAR," ('11-29-2020', N'San Francisco 49ers', N'@', N'Los Angeles Rams',23,20, N'SFO',173, N'LAR'),"
11-29-2020,11/29/2020,Kansas City Chiefs,@,Tampa Bay Buccaneers,27,24,KAN,174,TAM," ('11-29-2020', N'Kansas City Chiefs', N'@', N'Tampa Bay Buccaneers',27,24, N'KAN',174, N'TAM'),"
11-29-2020,11/29/2020,Green Bay Packers,,Chicago Bears,41,25,GNB,175,CHI," ('11-29-2020', N'Green Bay Packers', N'', N'Chicago Bears',41,25, N'GNB',175, N'CHI'),"
11-30-2020,11/30/2020,Seattle Seahawks,@,Philadelphia Eagles,23,17,SEA,176,PHI," ('11-30-2020', N'Seattle Seahawks', N'@', N'Philadelphia Eagles',23,17, N'SEA',176, N'PHI'),"
12-02-2020,12/2/2020,Pittsburgh Steelers,,Baltimore Ravens,19,14,PIT,177,BAL," ('12-02-2020', N'Pittsburgh Steelers', N'', N'Baltimore Ravens',19,14, N'PIT',177, N'BAL'),"
12-06-2020,12/6/2020,Indianapolis Colts,@,Houston Texans,26,20,IND,178,HOU," ('12-06-2020', N'Indianapolis Colts', N'@', N'Houston Texans',26,20, N'IND',178, N'HOU'),"
12-06-2020,12/6/2020,Las Vegas Raiders,@,New York Jets,31,28,LVR,179,NYJ," ('12-06-2020', N'Las Vegas Raiders', N'@', N'New York Jets',31,28, N'LVR',179, N'NYJ'),"
12-06-2020,12/6/2020,Detroit Lions,@,Chicago Bears,34,30,DET,180,CHI," ('12-06-2020', N'Detroit Lions', N'@', N'Chicago Bears',34,30, N'DET',180, N'CHI'),"
12-06-2020,12/6/2020,Minnesota Vikings,,Jacksonville Jaguars,27,24,MIN,181,JAX," ('12-06-2020', N'Minnesota Vikings', N'', N'Jacksonville Jaguars',27,24, N'MIN',181, N'JAX'),"
12-06-2020,12/6/2020,New Orleans Saints,@,Atlanta Falcons,21,16,NOR,182,ATL," ('12-06-2020', N'New Orleans Saints', N'@', N'Atlanta Falcons',21,16, N'NOR',182, N'ATL'),"
12-06-2020,12/6/2020,Miami Dolphins,,Cincinnati Bengals,19,7,MIA,183,CIN," ('12-06-2020', N'Miami Dolphins', N'', N'Cincinnati Bengals',19,7, N'MIA',183, N'CIN'),"
12-06-2020,12/6/2020,Cleveland Browns,@,Tennessee Titans,41,35,CLE,184,TEN," ('12-06-2020', N'Cleveland Browns', N'@', N'Tennessee Titans',41,35, N'CLE',184, N'TEN'),"
12-06-2020,12/6/2020,Los Angeles Rams,@,Arizona Cardinals,38,28,LAR,185,ARI," ('12-06-2020', N'Los Angeles Rams', N'@', N'Arizona Cardinals',38,28, N'LAR',185, N'ARI'),"
12-06-2020,12/6/2020,New York Giants,@,Seattle Seahawks,17,12,NYG,186,SEA," ('12-06-2020', N'New York Giants', N'@', N'Seattle Seahawks',17,12, N'NYG',186, N'SEA'),"
12-06-2020,12/6/2020,New England Patriots,@,Los Angeles Chargers,45,0,NWE,187,LAC," ('12-06-2020', N'New England Patriots', N'@', N'Los Angeles Chargers',45,0, N'NWE',187, N'LAC'),"
12-06-2020,12/6/2020,Green Bay Packers,,Philadelphia Eagles,30,16,GNB,188,PHI," ('12-06-2020', N'Green Bay Packers', N'', N'Philadelphia Eagles',30,16, N'GNB',188, N'PHI'),"
12-06-2020,12/6/2020,Kansas City Chiefs,,Denver Broncos,22,16,KAN,189,DEN," ('12-06-2020', N'Kansas City Chiefs', N'', N'Denver Broncos',22,16, N'KAN',189, N'DEN'),"
12-07-2020,12/7/2020,Washington Football Team,@,Pittsburgh Steelers,23,17,WAS,190,PIT," ('12-07-2020', N'Washington Football Team', N'@', N'Pittsburgh Steelers',23,17, N'WAS',190, N'PIT'),"
12-07-2020,12/7/2020,Buffalo Bills,@,San Francisco 49ers,34,24,BUF,191,SFO," ('12-07-2020', N'Buffalo Bills', N'@', N'San Francisco 49ers',34,24, N'BUF',191, N'SFO'),"
12-08-2020,12/8/2020,Baltimore Ravens,,Dallas Cowboys,34,17,BAL,192,DAL," ('12-08-2020', N'Baltimore Ravens', N'', N'Dallas Cowboys',34,17, N'BAL',192, N'DAL'),"
12-10-2020,12/10/2020,Los Angeles Rams,,New England Patriots,24,3,LAR,193,NWE," ('12-10-2020', N'Los Angeles Rams', N'', N'New England Patriots',24,3, N'LAR',193, N'NWE'),"
12-13-2020,12/13/2020,Dallas Cowboys,@,Cincinnati Bengals,30,7,DAL,194,CIN," ('12-13-2020', N'Dallas Cowboys', N'@', N'Cincinnati Bengals',30,7, N'DAL',194, N'CIN'),"
12-13-2020,12/13/2020,Kansas City Chiefs,@,Miami Dolphins,33,27,KAN,195,MIA," ('12-13-2020', N'Kansas City Chiefs', N'@', N'Miami Dolphins',33,27, N'KAN',195, N'MIA'),"
12-13-2020,12/13/2020,Tampa Bay Buccaneers,,Minnesota Vikings,26,14,TAM,196,MIN," ('12-13-2020', N'Tampa Bay Buccaneers', N'', N'Minnesota Vikings',26,14, N'TAM',196, N'MIN'),"
12-13-2020,12/13/2020,Arizona Cardinals,@,New York Giants,26,7,ARI,197,NYG," ('12-13-2020', N'Arizona Cardinals', N'@', N'New York Giants',26,7, N'ARI',197, N'NYG'),"
12-13-2020,12/13/2020,Denver Broncos,@,Carolina Panthers,32,27,DEN,198,CAR," ('12-13-2020', N'Denver Broncos', N'@', N'Carolina Panthers',32,27, N'DEN',198, N'CAR'),"
12-13-2020,12/13/2020,Chicago Bears,,Houston Texans,36,7,CHI,199,HOU," ('12-13-2020', N'Chicago Bears', N'', N'Houston Texans',36,7, N'CHI',199, N'HOU'),"
12-13-2020,12/13/2020,Tennessee Titans,@,Jacksonville Jaguars,31,10,TEN,200,JAX," ('12-13-2020', N'Tennessee Titans', N'@', N'Jacksonville Jaguars',31,10, N'TEN',200, N'JAX'),"
12-13-2020,12/13/2020,Indianapolis Colts,@,Las Vegas Raiders,44,27,IND,201,LVR," ('12-13-2020', N'Indianapolis Colts', N'@', N'Las Vegas Raiders',44,27, N'IND',201, N'LVR'),"
12-13-2020,12/13/2020,Seattle Seahawks,,New York Jets,40,3,SEA,202,NYJ," ('12-13-2020', N'Seattle Seahawks', N'', N'New York Jets',40,3, N'SEA',202, N'NYJ'),"
12-13-2020,12/13/2020,Philadelphia Eagles,,New Orleans Saints,24,21,PHI,203,NOR," ('12-13-2020', N'Philadelphia Eagles', N'', N'New Orleans Saints',24,21, N'PHI',203, N'NOR'),"
12-13-2020,12/13/2020,Los Angeles Chargers,,Atlanta Falcons,20,17,LAC,204,ATL," ('12-13-2020', N'Los Angeles Chargers', N'', N'Atlanta Falcons',20,17, N'LAC',204, N'ATL'),"
12-13-2020,12/13/2020,Green Bay Packers,@,Detroit Lions,31,24,GNB,205,DET," ('12-13-2020', N'Green Bay Packers', N'@', N'Detroit Lions',31,24, N'GNB',205, N'DET'),"
12-13-2020,12/13/2020,Washington Football Team,@,San Francisco 49ers,23,15,WAS,206,SFO," ('12-13-2020', N'Washington Football Team', N'@', N'San Francisco 49ers',23,15, N'WAS',206, N'SFO'),"
12-13-2020,12/13/2020,Buffalo Bills,,Pittsburgh Steelers,26,15,BUF,207,PIT," ('12-13-2020', N'Buffalo Bills', N'', N'Pittsburgh Steelers',26,15, N'BUF',207, N'PIT'),"
12-14-2020,12/14/2020,Baltimore Ravens,@,Cleveland Browns,47,42,BAL,208,CLE," ('12-14-2020', N'Baltimore Ravens', N'@', N'Cleveland Browns',47,42, N'BAL',208, N'CLE'),"
12-17-2020,12/17/2020,Los Angeles Chargers,@,Las Vegas Raiders,30,27,LAC,209,LVR," ('12-17-2020', N'Los Angeles Chargers', N'@', N'Las Vegas Raiders',30,27, N'LAC',209, N'LVR'),"
12-19-2020,12/19/2020,Buffalo Bills,@,Denver Broncos,48,19,BUF,210,DEN," ('12-19-2020', N'Buffalo Bills', N'@', N'Denver Broncos',48,19, N'BUF',210, N'DEN'),"
12-19-2020,12/19/2020,Green Bay Packers,,Carolina Panthers,24,16,GNB,211,CAR," ('12-19-2020', N'Green Bay Packers', N'', N'Carolina Panthers',24,16, N'GNB',211, N'CAR'),"
12-20-2020,12/20/2020,Indianapolis Colts,,Houston Texans,27,20,IND,212,HOU," ('12-20-2020', N'Indianapolis Colts', N'', N'Houston Texans',27,20, N'IND',212, N'HOU'),"
12-20-2020,12/20/2020,Dallas Cowboys,,San Francisco 49ers,41,33,DAL,213,SFO," ('12-20-2020', N'Dallas Cowboys', N'', N'San Francisco 49ers',41,33, N'DAL',213, N'SFO'),"
12-20-2020,12/20/2020,Chicago Bears,@,Minnesota Vikings,33,27,CHI,214,MIN," ('12-20-2020', N'Chicago Bears', N'@', N'Minnesota Vikings',33,27, N'CHI',214, N'MIN'),"
12-20-2020,12/20/2020,Baltimore Ravens,,Jacksonville Jaguars,40,14,BAL,215,JAX," ('12-20-2020', N'Baltimore Ravens', N'', N'Jacksonville Jaguars',40,14, N'BAL',215, N'JAX'),"
12-20-2020,12/20/2020,Tampa Bay Buccaneers,@,Atlanta Falcons,31,27,TAM,216,ATL," ('12-20-2020', N'Tampa Bay Buccaneers', N'@', N'Atlanta Falcons',31,27, N'TAM',216, N'ATL'),"
12-20-2020,12/20/2020,Tennessee Titans,,Detroit Lions,46,25,TEN,217,DET," ('12-20-2020', N'Tennessee Titans', N'', N'Detroit Lions',46,25, N'TEN',217, N'DET'),"
12-20-2020,12/20/2020,Seattle Seahawks,@,Washington Football Team,20,15,SEA,218,WFT," ('12-20-2020', N'Seattle Seahawks', N'@', N'Washington Football Team',20,15, N'SEA',218, N'WFT'),"
12-20-2020,12/20/2020,Miami Dolphins,,New England Patriots,22,12,MIA,219,NWE," ('12-20-2020', N'Miami Dolphins', N'', N'New England Patriots',22,12, N'MIA',219, N'NWE'),"
12-20-2020,12/20/2020,Arizona Cardinals,,Philadelphia Eagles,33,26,ARI,220,PHI," ('12-20-2020', N'Arizona Cardinals', N'', N'Philadelphia Eagles',33,26, N'ARI',220, N'PHI'),"
12-20-2020,12/20/2020,New York Jets,@,Los Angeles Rams,23,20,NYJ,221,LAR," ('12-20-2020', N'New York Jets', N'@', N'Los Angeles Rams',23,20, N'NYJ',221, N'LAR'),"
12-20-2020,12/20/2020,Kansas City Chiefs,@,New Orleans Saints,32,29,KAN,222,NOR," ('12-20-2020', N'Kansas City Chiefs', N'@', N'New Orleans Saints',32,29, N'KAN',222, N'NOR'),"
12-20-2020,12/20/2020,Cleveland Browns,@,New York Giants,20,6,CLE,223,NYG," ('12-20-2020', N'Cleveland Browns', N'@', N'New York Giants',20,6, N'CLE',223, N'NYG'),"
12-21-2020,12/21/2020,Cincinnati Bengals,,Pittsburgh Steelers,27,17,CIN,224,PIT," ('12-21-2020', N'Cincinnati Bengals', N'', N'Pittsburgh Steelers',27,17, N'CIN',224, N'PIT'),"
12-25-2020,12/25/2020,New Orleans Saints,,Minnesota Vikings,52,33,NOR,225,MIN," ('12-25-2020', N'New Orleans Saints', N'', N'Minnesota Vikings',52,33, N'NOR',225, N'MIN'),"
12-26-2020,12/26/2020,Tampa Bay Buccaneers,@,Detroit Lions,47,7,TAM,226,DET," ('12-26-2020', N'Tampa Bay Buccaneers', N'@', N'Detroit Lions',47,7, N'TAM',226, N'DET'),"
12-26-2020,12/26/2020,San Francisco 49ers,@,Arizona Cardinals,20,12,SFO,227,ARI," ('12-26-2020', N'San Francisco 49ers', N'@', N'Arizona Cardinals',20,12, N'SFO',227, N'ARI'),"
12-26-2020,12/26/2020,Miami Dolphins,@,Las Vegas Raiders,26,25,MIA,228,LVR," ('12-26-2020', N'Miami Dolphins', N'@', N'Las Vegas Raiders',26,25, N'MIA',228, N'LVR'),"
12-27-2020,12/27/2020,Kansas City Chiefs,,Atlanta Falcons,17,14,KAN,229,ATL," ('12-27-2020', N'Kansas City Chiefs', N'', N'Atlanta Falcons',17,14, N'KAN',229, N'ATL'),"
12-27-2020,12/27/2020,Cincinnati Bengals,@,Houston Texans,37,31,CIN,230,HOU," ('12-27-2020', N'Cincinnati Bengals', N'@', N'Houston Texans',37,31, N'CIN',230, N'HOU'),"
12-27-2020,12/27/2020,New York Jets,,Cleveland Browns,23,16,NYJ,231,CLE," ('12-27-2020', N'New York Jets', N'', N'Cleveland Browns',23,16, N'NYJ',231, N'CLE'),"
12-27-2020,12/27/2020,Pittsburgh Steelers,,Indianapolis Colts,28,24,PIT,232,IND," ('12-27-2020', N'Pittsburgh Steelers', N'', N'Indianapolis Colts',28,24, N'PIT',232, N'IND'),"
12-27-2020,12/27/2020,Baltimore Ravens,,New York Giants,27,13,BAL,233,NYG," ('12-27-2020', N'Baltimore Ravens', N'', N'New York Giants',27,13, N'BAL',233, N'NYG'),"
12-27-2020,12/27/2020,Chicago Bears,@,Jacksonville Jaguars,41,17,CHI,234,JAX," ('12-27-2020', N'Chicago Bears', N'@', N'Jacksonville Jaguars',41,17, N'CHI',234, N'JAX'),"
12-27-2020,12/27/2020,Los Angeles Chargers,,Denver Broncos,19,16,LAC,235,DEN," ('12-27-2020', N'Los Angeles Chargers', N'', N'Denver Broncos',19,16, N'LAC',235, N'DEN'),"
12-27-2020,12/27/2020,Carolina Panthers,@,Washington Football Team,20,13,CAR,236,WFT," ('12-27-2020', N'Carolina Panthers', N'@', N'Washington Football Team',20,13, N'CAR',236, N'WFT'),"
12-27-2020,12/27/2020,Seattle Seahawks,,Los Angeles Rams,20,9,SEA,237,LAR," ('12-27-2020', N'Seattle Seahawks', N'', N'Los Angeles Rams',20,9, N'SEA',237, N'LAR'),"
12-27-2020,12/27/2020,Dallas Cowboys,,Philadelphia Eagles,37,17,DAL,238,PHI," ('12-27-2020', N'Dallas Cowboys', N'', N'Philadelphia Eagles',37,17, N'DAL',238, N'PHI'),"
12-27-2020,12/27/2020,Green Bay Packers,,Tennessee Titans,40,14,GNB,239,TEN," ('12-27-2020', N'Green Bay Packers', N'', N'Tennessee Titans',40,14, N'GNB',239, N'TEN'),"
12-28-2020,12/28/2020,Buffalo Bills,@,New England Patriots,38,9,BUF,240,NWE," ('12-28-2020', N'Buffalo Bills', N'@', N'New England Patriots',38,9, N'BUF',240, N'NWE'),"
01-03-2021,1/3/2021,New York Giants,,Dallas Cowboys,23,19,NYG,241,DAL," ('01-03-2021', N'New York Giants', N'', N'Dallas Cowboys',23,19, N'NYG',241, N'DAL'),"
01-03-2021,1/3/2021,Tampa Bay Buccaneers,,Atlanta Falcons,44,27,TAM,242,ATL," ('01-03-2021', N'Tampa Bay Buccaneers', N'', N'Atlanta Falcons',44,27, N'TAM',242, N'ATL'),"
01-03-2021,1/3/2021,New England Patriots,,New York Jets,28,14,NWE,243,NYJ," ('01-03-2021', N'New England Patriots', N'', N'New York Jets',28,14, N'NWE',243, N'NYJ'),"
01-03-2021,1/3/2021,Buffalo Bills,,Miami Dolphins,56,26,BUF,244,MIA," ('01-03-2021', N'Buffalo Bills', N'', N'Miami Dolphins',56,26, N'BUF',244, N'MIA'),"
01-03-2021,1/3/2021,Minnesota Vikings,@,Detroit Lions,37,35,MIN,245,DET," ('01-03-2021', N'Minnesota Vikings', N'@', N'Detroit Lions',37,35, N'MIN',245, N'DET'),"
01-03-2021,1/3/2021,Baltimore Ravens,@,Cincinnati Bengals,38,3,BAL,246,CIN," ('01-03-2021', N'Baltimore Ravens', N'@', N'Cincinnati Bengals',38,3, N'BAL',246, N'CIN'),"
01-03-2021,1/3/2021,Cleveland Browns,,Pittsburgh Steelers,24,22,CLE,247,PIT," ('01-03-2021', N'Cleveland Browns', N'', N'Pittsburgh Steelers',24,22, N'CLE',247, N'PIT'),"
01-03-2021,1/3/2021,Indianapolis Colts,,Jacksonville Jaguars,28,14,IND,248,JAX," ('01-03-2021', N'Indianapolis Colts', N'', N'Jacksonville Jaguars',28,14, N'IND',248, N'JAX'),"
01-03-2021,1/3/2021,Los Angeles Rams,,Arizona Cardinals,18,7,LAR,249,ARI," ('01-03-2021', N'Los Angeles Rams', N'', N'Arizona Cardinals',18,7, N'LAR',249, N'ARI'),"
01-03-2021,1/3/2021,New Orleans Saints,@,Carolina Panthers,33,7,NOR,250,CAR," ('01-03-2021', N'New Orleans Saints', N'@', N'Carolina Panthers',33,7, N'NOR',250, N'CAR'),"
01-03-2021,1/3/2021,Seattle Seahawks,@,San Francisco 49ers,26,23,SEA,251,SFO," ('01-03-2021', N'Seattle Seahawks', N'@', N'San Francisco 49ers',26,23, N'SEA',251, N'SFO'),"
01-03-2021,1/3/2021,Green Bay Packers,@,Chicago Bears,35,16,GNB,252,CHI," ('01-03-2021', N'Green Bay Packers', N'@', N'Chicago Bears',35,16, N'GNB',252, N'CHI'),"
01-03-2021,1/3/2021,Los Angeles Chargers,@,Kansas City Chiefs,38,21,LAC,253,KAN," ('01-03-2021', N'Los Angeles Chargers', N'@', N'Kansas City Chiefs',38,21, N'LAC',253, N'KAN'),"
01-03-2021,1/3/2021,Las Vegas Raiders,@,Denver Broncos,32,31,LVR,254,DEN," ('01-03-2021', N'Las Vegas Raiders', N'@', N'Denver Broncos',32,31, N'LVR',254, N'DEN'),"
01-03-2021,1/3/2021,Tennessee Titans,@,Houston Texans,41,38,TEN,255,HOU," ('01-03-2021', N'Tennessee Titans', N'@', N'Houston Texans',41,38, N'TEN',255, N'HOU'),"
01-03-2021,1/3/2021,Washington Football Team,@,Philadelphia Eagles,20,14,WAS,256,PHI," ('01-03-2021', N'Washington Football Team', N'@', N'Philadelphia Eagles',20,14, N'WAS',256, N'PHI'),"
